Tanggal,Jumlah Orang,Kategori,Lokasi
2024-10-08 00:00:00,5,Mahasiswa,Fakultas Ilmu Terapan
2024-10-08 00:05:00,1,Staff,Fakultas Ilmu Terapan
2024-10-08 00:10:00,5,Dosen,Fakultas Ilmu Terapan
2024-10-08 00:15:00,9,Dosen,Fakultas Ilmu Terapan
2024-10-08 00:20:00,6,Mahasiswa,Fakultas Ilmu Terapan
2024-10-08 00:25:00,10,Mahasiswa,Fakultas Ilmu Terapan
2024-10-08 00:30:00,6,Staff,Fakultas Ilmu Terapan
2024-10-08 00:35:00,8,Staff,Fakultas Ilmu Terapan
2024-10-08 00:40:00,7,Staff,Fakultas Ilmu Terapan
2024-10-08 00:45:00,8,Mahasiswa,Fakultas Ilmu Terapan
2024-10-08 00:50:00,6,Mahasiswa,Fakultas Ilmu Terapan
2024-10-08 00:55:00,10,Dosen,Fakultas Ilmu Terapan
2024-10-08 01:00:00,1,Dosen,Fakultas Ilmu Terapan
2024-10-08 01:05:00,6,Dosen,Fakultas Ilmu Terapan
2024-10-08 01:10:00,5,Dosen,Fakultas Ilmu Terapan
2024-10-08 01:15:00,5,Mahasiswa,Fakultas Ilmu Terapan
2024-10-08 01:20:00,8,Mahasiswa,Fakultas Ilmu Terapan
2024-10-08 01:25:00,5,Staff,Fakultas Ilmu Terapan
2024-10-08 01:30:00,8,Mahasiswa,Fakultas Ilmu Terapan
2024-10-08 01:35:00,5,Mahasiswa,Fakultas Ilmu Terapan
2024-10-08 01:40:00,2,Mahasiswa,Fakultas Ilmu Terapan
2024-10-08 01:45:00,9,Staff,Fakultas Ilmu Terapan
2024-10-08 01:50:00,5,Mahasiswa,Fakultas Ilmu Terapan
2024-10-08 01:55:00,9,Staff,Fakultas Ilmu Terapan
2024-10-08 02:00:00,2,Dosen,Fakultas Ilmu Terapan
2024-10-08 02:05:00,3,Mahasiswa,Fakultas Ilmu Terapan
2024-10-08 02:10:00,10,Dosen,Fakultas Ilmu Terapan
2024-10-08 02:15:00,3,Dosen,Fakultas Ilmu Terapan
2024-10-08 02:20:00,7,Staff,Fakultas Ilmu Terapan
2024-10-08 02:25:00,1,Mahasiswa,Fakultas Ilmu Terapan
2024-10-08 02:30:00,10,Dosen,Fakultas Ilmu Terapan
2024-10-08 02:35:00,5,Staff,Fakultas Ilmu Terapan
2024-10-08 02:40:00,8,Dosen,Fakultas Ilmu Terapan
2024-10-08 02:45:00,5,Mahasiswa,Fakultas Ilmu Terapan
2024-10-08 02:50:00,3,Dosen,Fakultas Ilmu Terapan
2024-10-08 02:55:00,5,Staff,Fakultas Ilmu Terapan
2024-10-08 03:00:00,3,Dosen,Fakultas Ilmu Terapan
2024-10-08 03:05:00,1,Dosen,Fakultas Ilmu Terapan
2024-10-08 03:10:00,4,Staff,Fakultas Ilmu Terapan
2024-10-08 03:15:00,2,Mahasiswa,Fakultas Ilmu Terapan
2024-10-08 03:20:00,2,Mahasiswa,Fakultas Ilmu Terapan
2024-10-08 03:25:00,2,Staff,Fakultas Ilmu Terapan
2024-10-08 03:30:00,7,Mahasiswa,Fakultas Ilmu Terapan
2024-10-08 03:35:00,3,Dosen,Fakultas Ilmu Terapan
2024-10-08 03:40:00,3,Mahasiswa,Fakultas Ilmu Terapan
2024-10-08 03:45:00,8,Dosen,Fakultas Ilmu Terapan
2024-10-08 03:50:00,9,Dosen,Fakultas Ilmu Terapan
2024-10-08 03:55:00,1,Mahasiswa,Fakultas Ilmu Terapan
2024-10-08 04:00:00,7,Staff,Fakultas Ilmu Terapan
2024-10-08 04:05:00,6,Staff,Fakultas Ilmu Terapan
2024-10-08 04:10:00,6,Mahasiswa,Fakultas Ilmu Terapan
2024-10-08 04:15:00,1,Mahasiswa,Fakultas Ilmu Terapan
2024-10-08 04:20:00,2,Mahasiswa,Fakultas Ilmu Terapan
2024-10-08 04:25:00,7,Mahasiswa,Fakultas Ilmu Terapan
2024-10-08 04:30:00,7,Dosen,Fakultas Ilmu Terapan
2024-10-08 04:35:00,5,Staff,Fakultas Ilmu Terapan
2024-10-08 04:40:00,9,Mahasiswa,Fakultas Ilmu Terapan
2024-10-08 04:45:00,4,Dosen,Fakultas Ilmu Terapan
2024-10-08 04:50:00,8,Staff,Fakultas Ilmu Terapan
2024-10-08 04:55:00,3,Mahasiswa,Fakultas Ilmu Terapan
2024-10-08 05:00:00,7,Dosen,Fakultas Ilmu Terapan
2024-10-08 05:05:00,9,Staff,Fakultas Ilmu Terapan
2024-10-08 05:10:00,3,Mahasiswa,Fakultas Ilmu Terapan
2024-10-08 05:15:00,9,Dosen,Fakultas Ilmu Terapan
2024-10-08 05:20:00,3,Staff,Fakultas Ilmu Terapan
2024-10-08 05:25:00,10,Dosen,Fakultas Ilmu Terapan
2024-10-08 05:30:00,5,Dosen,Fakultas Ilmu Terapan
2024-10-08 05:35:00,3,Dosen,Fakultas Ilmu Terapan
2024-10-08 05:40:00,1,Dosen,Fakultas Ilmu Terapan
2024-10-08 05:45:00,6,Dosen,Fakultas Ilmu Terapan
2024-10-08 05:50:00,9,Mahasiswa,Fakultas Ilmu Terapan
2024-10-08 05:55:00,6,Staff,Fakultas Ilmu Terapan
2024-10-08 06:00:00,8,Dosen,Fakultas Ilmu Terapan
2024-10-08 06:05:00,4,Staff,Fakultas Ilmu Terapan
2024-10-08 06:10:00,9,Dosen,Fakultas Ilmu Terapan
2024-10-08 06:15:00,8,Mahasiswa,Fakultas Ilmu Terapan
2024-10-08 06:20:00,8,Mahasiswa,Fakultas Ilmu Terapan
2024-10-08 06:25:00,5,Staff,Fakultas Ilmu Terapan
2024-10-08 06:30:00,6,Mahasiswa,Fakultas Ilmu Terapan
2024-10-08 06:35:00,5,Staff,Fakultas Ilmu Terapan
2024-10-08 06:40:00,2,Dosen,Fakultas Ilmu Terapan
2024-10-08 06:45:00,2,Dosen,Fakultas Ilmu Terapan
2024-10-08 06:50:00,2,Dosen,Fakultas Ilmu Terapan
2024-10-08 06:55:00,6,Mahasiswa,Fakultas Ilmu Terapan
2024-10-08 07:00:00,5,Mahasiswa,Fakultas Ilmu Terapan
2024-10-08 07:05:00,7,Staff,Fakultas Ilmu Terapan
2024-10-08 07:10:00,3,Mahasiswa,Fakultas Ilmu Terapan
2024-10-08 07:15:00,3,Mahasiswa,Fakultas Ilmu Terapan
2024-10-08 07:20:00,8,Dosen,Fakultas Ilmu Terapan
2024-10-08 07:25:00,7,Mahasiswa,Fakultas Ilmu Terapan
2024-10-08 07:30:00,7,Staff,Fakultas Ilmu Terapan
2024-10-08 07:35:00,9,Staff,Fakultas Ilmu Terapan
2024-10-08 07:40:00,6,Dosen,Fakultas Ilmu Terapan
2024-10-08 07:45:00,8,Dosen,Fakultas Ilmu Terapan
2024-10-08 07:50:00,5,Staff,Fakultas Ilmu Terapan
2024-10-08 07:55:00,1,Mahasiswa,Fakultas Ilmu Terapan
2024-10-08 08:00:00,2,Mahasiswa,Fakultas Ilmu Terapan
2024-10-08 08:05:00,3,Mahasiswa,Fakultas Ilmu Terapan
2024-10-08 08:10:00,2,Mahasiswa,Fakultas Ilmu Terapan
2024-10-08 08:15:00,7,Dosen,Fakultas Ilmu Terapan
2024-10-08 08:20:00,6,Staff,Fakultas Ilmu Terapan
2024-10-08 08:25:00,7,Staff,Fakultas Ilmu Terapan
2024-10-08 08:30:00,2,Staff,Fakultas Ilmu Terapan
2024-10-08 08:35:00,4,Staff,Fakultas Ilmu Terapan
2024-10-08 08:40:00,1,Dosen,Fakultas Ilmu Terapan
2024-10-08 08:45:00,7,Mahasiswa,Fakultas Ilmu Terapan
2024-10-08 08:50:00,2,Staff,Fakultas Ilmu Terapan
2024-10-08 08:55:00,3,Staff,Fakultas Ilmu Terapan
2024-10-08 09:00:00,10,Dosen,Fakultas Ilmu Terapan
2024-10-08 09:05:00,9,Mahasiswa,Fakultas Ilmu Terapan
2024-10-08 09:10:00,2,Mahasiswa,Fakultas Ilmu Terapan
2024-10-08 09:15:00,1,Dosen,Fakultas Ilmu Terapan
2024-10-08 09:20:00,5,Staff,Fakultas Ilmu Terapan
2024-10-08 09:25:00,2,Dosen,Fakultas Ilmu Terapan
2024-10-08 09:30:00,7,Mahasiswa,Fakultas Ilmu Terapan
2024-10-08 09:35:00,6,Dosen,Fakultas Ilmu Terapan
2024-10-08 09:40:00,2,Mahasiswa,Fakultas Ilmu Terapan
2024-10-08 09:45:00,4,Staff,Fakultas Ilmu Terapan
2024-10-08 09:50:00,7,Dosen,Fakultas Ilmu Terapan
2024-10-08 09:55:00,3,Mahasiswa,Fakultas Ilmu Terapan
2024-10-08 10:00:00,10,Dosen,Fakultas Ilmu Terapan
2024-10-08 10:05:00,6,Staff,Fakultas Ilmu Terapan
2024-10-08 10:10:00,4,Dosen,Fakultas Ilmu Terapan
2024-10-08 10:15:00,10,Staff,Fakultas Ilmu Terapan
2024-10-08 10:20:00,2,Staff,Fakultas Ilmu Terapan
2024-10-08 10:25:00,6,Mahasiswa,Fakultas Ilmu Terapan
2024-10-08 10:30:00,7,Dosen,Fakultas Ilmu Terapan
2024-10-08 10:35:00,2,Dosen,Fakultas Ilmu Terapan
2024-10-08 10:40:00,10,Staff,Fakultas Ilmu Terapan
2024-10-08 10:45:00,6,Dosen,Fakultas Ilmu Terapan
2024-10-08 10:50:00,7,Dosen,Fakultas Ilmu Terapan
2024-10-08 10:55:00,7,Staff,Fakultas Ilmu Terapan
2024-10-08 11:00:00,2,Dosen,Fakultas Ilmu Terapan
2024-10-08 11:05:00,1,Staff,Fakultas Ilmu Terapan
2024-10-08 11:10:00,6,Staff,Fakultas Ilmu Terapan
2024-10-08 11:15:00,4,Staff,Fakultas Ilmu Terapan
2024-10-08 11:20:00,7,Staff,Fakultas Ilmu Terapan
2024-10-08 11:25:00,7,Dosen,Fakultas Ilmu Terapan
2024-10-08 11:30:00,6,Staff,Fakultas Ilmu Terapan
2024-10-08 11:35:00,8,Dosen,Fakultas Ilmu Terapan
2024-10-08 11:40:00,7,Mahasiswa,Fakultas Ilmu Terapan
2024-10-08 11:45:00,3,Staff,Fakultas Ilmu Terapan
2024-10-08 11:50:00,2,Staff,Fakultas Ilmu Terapan
2024-10-08 11:55:00,2,Dosen,Fakultas Ilmu Terapan
2024-10-08 12:00:00,2,Staff,Fakultas Ilmu Terapan
2024-10-08 12:05:00,9,Dosen,Fakultas Ilmu Terapan
2024-10-08 12:10:00,6,Dosen,Fakultas Ilmu Terapan
2024-10-08 12:15:00,2,Mahasiswa,Fakultas Ilmu Terapan
2024-10-08 12:20:00,4,Dosen,Fakultas Ilmu Terapan
2024-10-08 12:25:00,3,Dosen,Fakultas Ilmu Terapan
2024-10-08 12:30:00,8,Dosen,Fakultas Ilmu Terapan
2024-10-08 12:35:00,3,Mahasiswa,Fakultas Ilmu Terapan
2024-10-08 12:40:00,2,Mahasiswa,Fakultas Ilmu Terapan
2024-10-08 12:45:00,1,Staff,Fakultas Ilmu Terapan
2024-10-08 12:50:00,4,Dosen,Fakultas Ilmu Terapan
2024-10-08 12:55:00,6,Staff,Fakultas Ilmu Terapan
2024-10-08 13:00:00,8,Staff,Fakultas Ilmu Terapan
2024-10-08 13:05:00,8,Staff,Fakultas Ilmu Terapan
2024-10-08 13:10:00,7,Dosen,Fakultas Ilmu Terapan
2024-10-08 13:15:00,6,Dosen,Fakultas Ilmu Terapan
2024-10-08 13:20:00,5,Dosen,Fakultas Ilmu Terapan
2024-10-08 13:25:00,10,Mahasiswa,Fakultas Ilmu Terapan
2024-10-08 13:30:00,5,Mahasiswa,Fakultas Ilmu Terapan
2024-10-08 13:35:00,10,Dosen,Fakultas Ilmu Terapan
2024-10-08 13:40:00,10,Mahasiswa,Fakultas Ilmu Terapan
2024-10-08 13:45:00,8,Mahasiswa,Fakultas Ilmu Terapan
2024-10-08 13:50:00,1,Mahasiswa,Fakultas Ilmu Terapan
2024-10-08 13:55:00,2,Dosen,Fakultas Ilmu Terapan
2024-10-08 14:00:00,2,Dosen,Fakultas Ilmu Terapan
2024-10-08 14:05:00,8,Staff,Fakultas Ilmu Terapan
2024-10-08 14:10:00,6,Dosen,Fakultas Ilmu Terapan
2024-10-08 14:15:00,8,Dosen,Fakultas Ilmu Terapan
2024-10-08 14:20:00,8,Dosen,Fakultas Ilmu Terapan
2024-10-08 14:25:00,4,Mahasiswa,Fakultas Ilmu Terapan
2024-10-08 14:30:00,7,Staff,Fakultas Ilmu Terapan
2024-10-08 14:35:00,3,Dosen,Fakultas Ilmu Terapan
2024-10-08 14:40:00,2,Dosen,Fakultas Ilmu Terapan
2024-10-08 14:45:00,2,Dosen,Fakultas Ilmu Terapan
2024-10-08 14:50:00,6,Staff,Fakultas Ilmu Terapan
2024-10-08 14:55:00,7,Dosen,Fakultas Ilmu Terapan
2024-10-08 15:00:00,8,Mahasiswa,Fakultas Ilmu Terapan
2024-10-08 15:05:00,7,Staff,Fakultas Ilmu Terapan
2024-10-08 15:10:00,8,Mahasiswa,Fakultas Ilmu Terapan
2024-10-08 15:15:00,8,Staff,Fakultas Ilmu Terapan
2024-10-08 15:20:00,1,Dosen,Fakultas Ilmu Terapan
2024-10-08 15:25:00,4,Dosen,Fakultas Ilmu Terapan
2024-10-08 15:30:00,2,Dosen,Fakultas Ilmu Terapan
2024-10-08 15:35:00,2,Mahasiswa,Fakultas Ilmu Terapan
2024-10-08 15:40:00,5,Staff,Fakultas Ilmu Terapan
2024-10-08 15:45:00,4,Dosen,Fakultas Ilmu Terapan
2024-10-08 15:50:00,6,Mahasiswa,Fakultas Ilmu Terapan
2024-10-08 15:55:00,7,Staff,Fakultas Ilmu Terapan
2024-10-08 16:00:00,8,Mahasiswa,Fakultas Ilmu Terapan
2024-10-08 16:05:00,9,Mahasiswa,Fakultas Ilmu Terapan
2024-10-08 16:10:00,6,Mahasiswa,Fakultas Ilmu Terapan
2024-10-08 16:15:00,4,Mahasiswa,Fakultas Ilmu Terapan
2024-10-08 16:20:00,1,Staff,Fakultas Ilmu Terapan
2024-10-08 16:25:00,10,Mahasiswa,Fakultas Ilmu Terapan
2024-10-08 16:30:00,6,Mahasiswa,Fakultas Ilmu Terapan
2024-10-08 16:35:00,9,Dosen,Fakultas Ilmu Terapan
2024-10-08 16:40:00,10,Dosen,Fakultas Ilmu Terapan
2024-10-08 16:45:00,7,Dosen,Fakultas Ilmu Terapan
2024-10-08 16:50:00,7,Mahasiswa,Fakultas Ilmu Terapan
2024-10-08 16:55:00,9,Mahasiswa,Fakultas Ilmu Terapan
2024-10-08 17:00:00,5,Mahasiswa,Fakultas Ilmu Terapan
2024-10-08 17:05:00,9,Staff,Fakultas Ilmu Terapan
2024-10-08 17:10:00,2,Staff,Fakultas Ilmu Terapan
2024-10-08 17:15:00,9,Staff,Fakultas Ilmu Terapan
2024-10-08 17:20:00,4,Mahasiswa,Fakultas Ilmu Terapan
2024-10-08 17:25:00,4,Staff,Fakultas Ilmu Terapan
2024-10-08 17:30:00,7,Dosen,Fakultas Ilmu Terapan
2024-10-08 17:35:00,9,Mahasiswa,Fakultas Ilmu Terapan
2024-10-08 17:40:00,3,Staff,Fakultas Ilmu Terapan
2024-10-08 17:45:00,2,Staff,Fakultas Ilmu Terapan
2024-10-08 17:50:00,3,Staff,Fakultas Ilmu Terapan
2024-10-08 17:55:00,3,Staff,Fakultas Ilmu Terapan
2024-10-08 18:00:00,3,Mahasiswa,Fakultas Ilmu Terapan
2024-10-08 18:05:00,1,Dosen,Fakultas Ilmu Terapan
2024-10-08 18:10:00,9,Dosen,Fakultas Ilmu Terapan
2024-10-08 18:15:00,8,Mahasiswa,Fakultas Ilmu Terapan
2024-10-08 18:20:00,4,Dosen,Fakultas Ilmu Terapan
2024-10-08 18:25:00,2,Dosen,Fakultas Ilmu Terapan
2024-10-08 18:30:00,3,Staff,Fakultas Ilmu Terapan
2024-10-08 18:35:00,10,Dosen,Fakultas Ilmu Terapan
2024-10-08 18:40:00,4,Mahasiswa,Fakultas Ilmu Terapan
2024-10-08 18:45:00,2,Staff,Fakultas Ilmu Terapan
2024-10-08 18:50:00,4,Dosen,Fakultas Ilmu Terapan
2024-10-08 18:55:00,5,Staff,Fakultas Ilmu Terapan
2024-10-08 19:00:00,6,Staff,Fakultas Ilmu Terapan
2024-10-08 19:05:00,6,Dosen,Fakultas Ilmu Terapan
2024-10-08 19:10:00,1,Mahasiswa,Fakultas Ilmu Terapan
2024-10-08 19:15:00,5,Dosen,Fakultas Ilmu Terapan
2024-10-08 19:20:00,5,Dosen,Fakultas Ilmu Terapan
2024-10-08 19:25:00,3,Staff,Fakultas Ilmu Terapan
2024-10-08 19:30:00,5,Mahasiswa,Fakultas Ilmu Terapan
2024-10-08 19:35:00,7,Dosen,Fakultas Ilmu Terapan
2024-10-08 19:40:00,4,Staff,Fakultas Ilmu Terapan
2024-10-08 19:45:00,2,Mahasiswa,Fakultas Ilmu Terapan
2024-10-08 19:50:00,9,Mahasiswa,Fakultas Ilmu Terapan
2024-10-08 19:55:00,1,Mahasiswa,Fakultas Ilmu Terapan
2024-10-08 20:00:00,7,Dosen,Fakultas Ilmu Terapan
2024-10-08 20:05:00,10,Dosen,Fakultas Ilmu Terapan
2024-10-08 20:10:00,8,Mahasiswa,Fakultas Ilmu Terapan
2024-10-08 20:15:00,5,Staff,Fakultas Ilmu Terapan
2024-10-08 20:20:00,3,Mahasiswa,Fakultas Ilmu Terapan
2024-10-08 20:25:00,6,Mahasiswa,Fakultas Ilmu Terapan
2024-10-08 20:30:00,3,Staff,Fakultas Ilmu Terapan
2024-10-08 20:35:00,5,Staff,Fakultas Ilmu Terapan
2024-10-08 20:40:00,5,Staff,Fakultas Ilmu Terapan
2024-10-08 20:45:00,4,Staff,Fakultas Ilmu Terapan
2024-10-08 20:50:00,8,Staff,Fakultas Ilmu Terapan
2024-10-08 20:55:00,7,Dosen,Fakultas Ilmu Terapan
2024-10-08 21:00:00,6,Staff,Fakultas Ilmu Terapan
2024-10-08 21:05:00,4,Staff,Fakultas Ilmu Terapan
2024-10-08 21:10:00,3,Mahasiswa,Fakultas Ilmu Terapan
2024-10-08 21:15:00,10,Mahasiswa,Fakultas Ilmu Terapan
2024-10-08 21:20:00,9,Mahasiswa,Fakultas Ilmu Terapan
2024-10-08 21:25:00,1,Staff,Fakultas Ilmu Terapan
2024-10-08 21:30:00,9,Staff,Fakultas Ilmu Terapan
2024-10-08 21:35:00,7,Dosen,Fakultas Ilmu Terapan
2024-10-08 21:40:00,8,Dosen,Fakultas Ilmu Terapan
2024-10-08 21:45:00,8,Dosen,Fakultas Ilmu Terapan
2024-10-08 21:50:00,5,Staff,Fakultas Ilmu Terapan
2024-10-08 21:55:00,1,Staff,Fakultas Ilmu Terapan
2024-10-08 22:00:00,8,Mahasiswa,Fakultas Ilmu Terapan
2024-10-08 22:05:00,4,Staff,Fakultas Ilmu Terapan
2024-10-08 22:10:00,1,Dosen,Fakultas Ilmu Terapan
2024-10-08 22:15:00,1,Mahasiswa,Fakultas Ilmu Terapan
2024-10-08 22:20:00,6,Mahasiswa,Fakultas Ilmu Terapan
2024-10-08 22:25:00,7,Staff,Fakultas Ilmu Terapan
2024-10-08 22:30:00,3,Dosen,Fakultas Ilmu Terapan
2024-10-08 22:35:00,4,Mahasiswa,Fakultas Ilmu Terapan
2024-10-08 22:40:00,10,Mahasiswa,Fakultas Ilmu Terapan
2024-10-08 22:45:00,1,Dosen,Fakultas Ilmu Terapan
2024-10-08 22:50:00,10,Staff,Fakultas Ilmu Terapan
2024-10-08 22:55:00,5,Staff,Fakultas Ilmu Terapan
2024-10-08 23:00:00,1,Staff,Fakultas Ilmu Terapan
2024-10-08 23:05:00,8,Staff,Fakultas Ilmu Terapan
2024-10-08 23:10:00,4,Mahasiswa,Fakultas Ilmu Terapan
2024-10-08 23:15:00,5,Mahasiswa,Fakultas Ilmu Terapan
2024-10-08 23:20:00,2,Mahasiswa,Fakultas Ilmu Terapan
2024-10-08 23:25:00,9,Mahasiswa,Fakultas Ilmu Terapan
2024-10-08 23:30:00,9,Staff,Fakultas Ilmu Terapan
2024-10-08 23:35:00,1,Staff,Fakultas Ilmu Terapan
2024-10-08 23:40:00,5,Mahasiswa,Fakultas Ilmu Terapan
2024-10-08 23:45:00,5,Dosen,Fakultas Ilmu Terapan
2024-10-08 23:50:00,5,Dosen,Fakultas Ilmu Terapan
2024-10-08 23:55:00,7,Mahasiswa,Fakultas Ilmu Terapan
2024-10-09 00:00:00,9,Staff,Fakultas Ilmu Terapan
2024-10-09 00:05:00,6,Staff,Fakultas Ilmu Terapan
2024-10-09 00:10:00,5,Dosen,Fakultas Ilmu Terapan
2024-10-09 00:15:00,1,Mahasiswa,Fakultas Ilmu Terapan
2024-10-09 00:20:00,3,Staff,Fakultas Ilmu Terapan
2024-10-09 00:25:00,2,Staff,Fakultas Ilmu Terapan
2024-10-09 00:30:00,1,Mahasiswa,Fakultas Ilmu Terapan
2024-10-09 00:35:00,7,Dosen,Fakultas Ilmu Terapan
2024-10-09 00:40:00,10,Mahasiswa,Fakultas Ilmu Terapan
2024-10-09 00:45:00,9,Dosen,Fakultas Ilmu Terapan
2024-10-09 00:50:00,3,Dosen,Fakultas Ilmu Terapan
2024-10-09 00:55:00,6,Staff,Fakultas Ilmu Terapan
2024-10-09 01:00:00,1,Dosen,Fakultas Ilmu Terapan
2024-10-09 01:05:00,7,Staff,Fakultas Ilmu Terapan
2024-10-09 01:10:00,6,Dosen,Fakultas Ilmu Terapan
2024-10-09 01:15:00,3,Mahasiswa,Fakultas Ilmu Terapan
2024-10-09 01:20:00,2,Staff,Fakultas Ilmu Terapan
2024-10-09 01:25:00,4,Staff,Fakultas Ilmu Terapan
2024-10-09 01:30:00,3,Staff,Fakultas Ilmu Terapan
2024-10-09 01:35:00,10,Mahasiswa,Fakultas Ilmu Terapan
2024-10-09 01:40:00,2,Staff,Fakultas Ilmu Terapan
2024-10-09 01:45:00,10,Mahasiswa,Fakultas Ilmu Terapan
2024-10-09 01:50:00,6,Staff,Fakultas Ilmu Terapan
2024-10-09 01:55:00,3,Dosen,Fakultas Ilmu Terapan
2024-10-09 02:00:00,10,Staff,Fakultas Ilmu Terapan
2024-10-09 02:05:00,8,Dosen,Fakultas Ilmu Terapan
2024-10-09 02:10:00,9,Staff,Fakultas Ilmu Terapan
2024-10-09 02:15:00,4,Mahasiswa,Fakultas Ilmu Terapan
2024-10-09 02:20:00,2,Staff,Fakultas Ilmu Terapan
2024-10-09 02:25:00,8,Mahasiswa,Fakultas Ilmu Terapan
2024-10-09 02:30:00,4,Dosen,Fakultas Ilmu Terapan
2024-10-09 02:35:00,9,Mahasiswa,Fakultas Ilmu Terapan
2024-10-09 02:40:00,5,Dosen,Fakultas Ilmu Terapan
2024-10-09 02:45:00,8,Mahasiswa,Fakultas Ilmu Terapan
2024-10-09 02:50:00,3,Dosen,Fakultas Ilmu Terapan
2024-10-09 02:55:00,2,Dosen,Fakultas Ilmu Terapan
2024-10-09 03:00:00,8,Dosen,Fakultas Ilmu Terapan
2024-10-09 03:05:00,4,Dosen,Fakultas Ilmu Terapan
2024-10-09 03:10:00,4,Dosen,Fakultas Ilmu Terapan
2024-10-09 03:15:00,9,Dosen,Fakultas Ilmu Terapan
2024-10-09 03:20:00,7,Dosen,Fakultas Ilmu Terapan
2024-10-09 03:25:00,7,Staff,Fakultas Ilmu Terapan
2024-10-09 03:30:00,7,Staff,Fakultas Ilmu Terapan
2024-10-09 03:35:00,9,Dosen,Fakultas Ilmu Terapan
2024-10-09 03:40:00,3,Staff,Fakultas Ilmu Terapan
2024-10-09 03:45:00,3,Mahasiswa,Fakultas Ilmu Terapan
2024-10-09 03:50:00,4,Mahasiswa,Fakultas Ilmu Terapan
2024-10-09 03:55:00,4,Mahasiswa,Fakultas Ilmu Terapan
2024-10-09 04:00:00,6,Mahasiswa,Fakultas Ilmu Terapan
2024-10-09 04:05:00,3,Dosen,Fakultas Ilmu Terapan
2024-10-09 04:10:00,2,Staff,Fakultas Ilmu Terapan
2024-10-09 04:15:00,1,Dosen,Fakultas Ilmu Terapan
2024-10-09 04:20:00,5,Staff,Fakultas Ilmu Terapan
2024-10-09 04:25:00,8,Dosen,Fakultas Ilmu Terapan
2024-10-09 04:30:00,8,Dosen,Fakultas Ilmu Terapan
2024-10-09 04:35:00,9,Mahasiswa,Fakultas Ilmu Terapan
2024-10-09 04:40:00,6,Dosen,Fakultas Ilmu Terapan
2024-10-09 04:45:00,8,Dosen,Fakultas Ilmu Terapan
2024-10-09 04:50:00,8,Dosen,Fakultas Ilmu Terapan
2024-10-09 04:55:00,6,Staff,Fakultas Ilmu Terapan
2024-10-09 05:00:00,1,Dosen,Fakultas Ilmu Terapan
2024-10-09 05:05:00,9,Dosen,Fakultas Ilmu Terapan
2024-10-09 05:10:00,1,Staff,Fakultas Ilmu Terapan
2024-10-09 05:15:00,10,Mahasiswa,Fakultas Ilmu Terapan
2024-10-09 05:20:00,8,Dosen,Fakultas Ilmu Terapan
2024-10-09 05:25:00,9,Mahasiswa,Fakultas Ilmu Terapan
2024-10-09 05:30:00,4,Dosen,Fakultas Ilmu Terapan
2024-10-09 05:35:00,5,Mahasiswa,Fakultas Ilmu Terapan
2024-10-09 05:40:00,3,Dosen,Fakultas Ilmu Terapan
2024-10-09 05:45:00,7,Dosen,Fakultas Ilmu Terapan
2024-10-09 05:50:00,2,Mahasiswa,Fakultas Ilmu Terapan
2024-10-09 05:55:00,10,Dosen,Fakultas Ilmu Terapan
2024-10-09 06:00:00,10,Dosen,Fakultas Ilmu Terapan
2024-10-09 06:05:00,2,Dosen,Fakultas Ilmu Terapan
2024-10-09 06:10:00,4,Dosen,Fakultas Ilmu Terapan
2024-10-09 06:15:00,3,Dosen,Fakultas Ilmu Terapan
2024-10-09 06:20:00,7,Staff,Fakultas Ilmu Terapan
2024-10-09 06:25:00,1,Staff,Fakultas Ilmu Terapan
2024-10-09 06:30:00,10,Mahasiswa,Fakultas Ilmu Terapan
2024-10-09 06:35:00,1,Mahasiswa,Fakultas Ilmu Terapan
2024-10-09 06:40:00,7,Dosen,Fakultas Ilmu Terapan
2024-10-09 06:45:00,10,Staff,Fakultas Ilmu Terapan
2024-10-09 06:50:00,9,Dosen,Fakultas Ilmu Terapan
2024-10-09 06:55:00,9,Dosen,Fakultas Ilmu Terapan
2024-10-09 07:00:00,5,Mahasiswa,Fakultas Ilmu Terapan
2024-10-09 07:05:00,9,Dosen,Fakultas Ilmu Terapan
2024-10-09 07:10:00,7,Staff,Fakultas Ilmu Terapan
2024-10-09 07:15:00,5,Dosen,Fakultas Ilmu Terapan
2024-10-09 07:20:00,9,Staff,Fakultas Ilmu Terapan
2024-10-09 07:25:00,5,Mahasiswa,Fakultas Ilmu Terapan
2024-10-09 07:30:00,7,Staff,Fakultas Ilmu Terapan
2024-10-09 07:35:00,9,Dosen,Fakultas Ilmu Terapan
2024-10-09 07:40:00,3,Staff,Fakultas Ilmu Terapan
2024-10-09 07:45:00,9,Mahasiswa,Fakultas Ilmu Terapan
2024-10-09 07:50:00,3,Mahasiswa,Fakultas Ilmu Terapan
2024-10-09 07:55:00,9,Mahasiswa,Fakultas Ilmu Terapan
2024-10-09 08:00:00,6,Mahasiswa,Fakultas Ilmu Terapan
2024-10-09 08:05:00,3,Dosen,Fakultas Ilmu Terapan
2024-10-09 08:10:00,4,Dosen,Fakultas Ilmu Terapan
2024-10-09 08:15:00,6,Staff,Fakultas Ilmu Terapan
2024-10-09 08:20:00,6,Mahasiswa,Fakultas Ilmu Terapan
2024-10-09 08:25:00,7,Staff,Fakultas Ilmu Terapan
2024-10-09 08:30:00,10,Dosen,Fakultas Ilmu Terapan
2024-10-09 08:35:00,6,Dosen,Fakultas Ilmu Terapan
2024-10-09 08:40:00,3,Mahasiswa,Fakultas Ilmu Terapan
2024-10-09 08:45:00,6,Staff,Fakultas Ilmu Terapan
2024-10-09 08:50:00,9,Dosen,Fakultas Ilmu Terapan
2024-10-09 08:55:00,6,Mahasiswa,Fakultas Ilmu Terapan
2024-10-09 09:00:00,7,Dosen,Fakultas Ilmu Terapan
2024-10-09 09:05:00,9,Mahasiswa,Fakultas Ilmu Terapan
2024-10-09 09:10:00,8,Staff,Fakultas Ilmu Terapan
2024-10-09 09:15:00,10,Staff,Fakultas Ilmu Terapan
2024-10-09 09:20:00,4,Mahasiswa,Fakultas Ilmu Terapan
2024-10-09 09:25:00,10,Staff,Fakultas Ilmu Terapan
2024-10-09 09:30:00,8,Staff,Fakultas Ilmu Terapan
2024-10-09 09:35:00,5,Staff,Fakultas Ilmu Terapan
2024-10-09 09:40:00,8,Dosen,Fakultas Ilmu Terapan
2024-10-09 09:45:00,5,Mahasiswa,Fakultas Ilmu Terapan
2024-10-09 09:50:00,3,Dosen,Fakultas Ilmu Terapan
2024-10-09 09:55:00,7,Mahasiswa,Fakultas Ilmu Terapan
2024-10-09 10:00:00,3,Mahasiswa,Fakultas Ilmu Terapan
2024-10-09 10:05:00,2,Staff,Fakultas Ilmu Terapan
2024-10-09 10:10:00,5,Staff,Fakultas Ilmu Terapan
2024-10-09 10:15:00,9,Mahasiswa,Fakultas Ilmu Terapan
2024-10-09 10:20:00,3,Mahasiswa,Fakultas Ilmu Terapan
2024-10-09 10:25:00,6,Mahasiswa,Fakultas Ilmu Terapan
2024-10-09 10:30:00,8,Staff,Fakultas Ilmu Terapan
2024-10-09 10:35:00,2,Dosen,Fakultas Ilmu Terapan
2024-10-09 10:40:00,7,Staff,Fakultas Ilmu Terapan
2024-10-09 10:45:00,8,Dosen,Fakultas Ilmu Terapan
2024-10-09 10:50:00,8,Dosen,Fakultas Ilmu Terapan
2024-10-09 10:55:00,4,Staff,Fakultas Ilmu Terapan
2024-10-09 11:00:00,6,Dosen,Fakultas Ilmu Terapan
2024-10-09 11:05:00,6,Dosen,Fakultas Ilmu Terapan
2024-10-09 11:10:00,4,Staff,Fakultas Ilmu Terapan
2024-10-09 11:15:00,4,Staff,Fakultas Ilmu Terapan
2024-10-09 11:20:00,6,Staff,Fakultas Ilmu Terapan
2024-10-09 11:25:00,10,Dosen,Fakultas Ilmu Terapan
2024-10-09 11:30:00,8,Dosen,Fakultas Ilmu Terapan
2024-10-09 11:35:00,8,Dosen,Fakultas Ilmu Terapan
2024-10-09 11:40:00,7,Dosen,Fakultas Ilmu Terapan
2024-10-09 11:45:00,10,Staff,Fakultas Ilmu Terapan
2024-10-09 11:50:00,8,Mahasiswa,Fakultas Ilmu Terapan
2024-10-09 11:55:00,9,Mahasiswa,Fakultas Ilmu Terapan
2024-10-09 12:00:00,10,Staff,Fakultas Ilmu Terapan
2024-10-09 12:05:00,8,Staff,Fakultas Ilmu Terapan
2024-10-09 12:10:00,5,Mahasiswa,Fakultas Ilmu Terapan
2024-10-09 12:15:00,5,Staff,Fakultas Ilmu Terapan
2024-10-09 12:20:00,1,Dosen,Fakultas Ilmu Terapan
2024-10-09 12:25:00,9,Dosen,Fakultas Ilmu Terapan
2024-10-09 12:30:00,9,Staff,Fakultas Ilmu Terapan
2024-10-09 12:35:00,1,Mahasiswa,Fakultas Ilmu Terapan
2024-10-09 12:40:00,3,Dosen,Fakultas Ilmu Terapan
2024-10-09 12:45:00,9,Dosen,Fakultas Ilmu Terapan
2024-10-09 12:50:00,8,Dosen,Fakultas Ilmu Terapan
2024-10-09 12:55:00,5,Staff,Fakultas Ilmu Terapan
2024-10-09 13:00:00,10,Mahasiswa,Fakultas Ilmu Terapan
2024-10-09 13:05:00,1,Staff,Fakultas Ilmu Terapan
2024-10-09 13:10:00,6,Mahasiswa,Fakultas Ilmu Terapan
2024-10-09 13:15:00,9,Mahasiswa,Fakultas Ilmu Terapan
2024-10-09 13:20:00,8,Mahasiswa,Fakultas Ilmu Terapan
2024-10-09 13:25:00,6,Mahasiswa,Fakultas Ilmu Terapan
2024-10-09 13:30:00,6,Dosen,Fakultas Ilmu Terapan
2024-10-09 13:35:00,8,Staff,Fakultas Ilmu Terapan
2024-10-09 13:40:00,10,Staff,Fakultas Ilmu Terapan
2024-10-09 13:45:00,1,Mahasiswa,Fakultas Ilmu Terapan
2024-10-09 13:50:00,2,Dosen,Fakultas Ilmu Terapan
2024-10-09 13:55:00,6,Staff,Fakultas Ilmu Terapan
2024-10-09 14:00:00,2,Dosen,Fakultas Ilmu Terapan
2024-10-09 14:05:00,4,Mahasiswa,Fakultas Ilmu Terapan
2024-10-09 14:10:00,6,Staff,Fakultas Ilmu Terapan
2024-10-09 14:15:00,4,Dosen,Fakultas Ilmu Terapan
2024-10-09 14:20:00,5,Mahasiswa,Fakultas Ilmu Terapan
2024-10-09 14:25:00,5,Mahasiswa,Fakultas Ilmu Terapan
2024-10-09 14:30:00,1,Staff,Fakultas Ilmu Terapan
2024-10-09 14:35:00,3,Staff,Fakultas Ilmu Terapan
2024-10-09 14:40:00,10,Mahasiswa,Fakultas Ilmu Terapan
2024-10-09 14:45:00,2,Staff,Fakultas Ilmu Terapan
2024-10-09 14:50:00,8,Mahasiswa,Fakultas Ilmu Terapan
2024-10-09 14:55:00,1,Dosen,Fakultas Ilmu Terapan
2024-10-09 15:00:00,4,Dosen,Fakultas Ilmu Terapan
2024-10-09 15:05:00,3,Mahasiswa,Fakultas Ilmu Terapan
2024-10-09 15:10:00,6,Dosen,Fakultas Ilmu Terapan
2024-10-09 15:15:00,6,Dosen,Fakultas Ilmu Terapan
2024-10-09 15:20:00,3,Staff,Fakultas Ilmu Terapan
2024-10-09 15:25:00,10,Staff,Fakultas Ilmu Terapan
2024-10-09 15:30:00,3,Staff,Fakultas Ilmu Terapan
2024-10-09 15:35:00,1,Staff,Fakultas Ilmu Terapan
2024-10-09 15:40:00,3,Staff,Fakultas Ilmu Terapan
2024-10-09 15:45:00,5,Staff,Fakultas Ilmu Terapan
2024-10-09 15:50:00,10,Dosen,Fakultas Ilmu Terapan
2024-10-09 15:55:00,10,Staff,Fakultas Ilmu Terapan
2024-10-09 16:00:00,6,Dosen,Fakultas Ilmu Terapan
2024-10-09 16:05:00,2,Dosen,Fakultas Ilmu Terapan
2024-10-09 16:10:00,1,Mahasiswa,Fakultas Ilmu Terapan
2024-10-09 16:15:00,1,Mahasiswa,Fakultas Ilmu Terapan
2024-10-09 16:20:00,3,Mahasiswa,Fakultas Ilmu Terapan
2024-10-09 16:25:00,10,Staff,Fakultas Ilmu Terapan
2024-10-09 16:30:00,4,Mahasiswa,Fakultas Ilmu Terapan
2024-10-09 16:35:00,3,Dosen,Fakultas Ilmu Terapan
2024-10-09 16:40:00,5,Mahasiswa,Fakultas Ilmu Terapan
2024-10-09 16:45:00,3,Mahasiswa,Fakultas Ilmu Terapan
2024-10-09 16:50:00,2,Staff,Fakultas Ilmu Terapan
2024-10-09 16:55:00,3,Mahasiswa,Fakultas Ilmu Terapan
2024-10-09 17:00:00,2,Dosen,Fakultas Ilmu Terapan
2024-10-09 17:05:00,3,Dosen,Fakultas Ilmu Terapan
2024-10-09 17:10:00,10,Staff,Fakultas Ilmu Terapan
2024-10-09 17:15:00,2,Staff,Fakultas Ilmu Terapan
2024-10-09 17:20:00,5,Mahasiswa,Fakultas Ilmu Terapan
2024-10-09 17:25:00,6,Staff,Fakultas Ilmu Terapan
2024-10-09 17:30:00,3,Staff,Fakultas Ilmu Terapan
2024-10-09 17:35:00,1,Dosen,Fakultas Ilmu Terapan
2024-10-09 17:40:00,8,Mahasiswa,Fakultas Ilmu Terapan
2024-10-09 17:45:00,9,Staff,Fakultas Ilmu Terapan
2024-10-09 17:50:00,4,Staff,Fakultas Ilmu Terapan
2024-10-09 17:55:00,3,Mahasiswa,Fakultas Ilmu Terapan
2024-10-09 18:00:00,3,Staff,Fakultas Ilmu Terapan
2024-10-09 18:05:00,5,Staff,Fakultas Ilmu Terapan
2024-10-09 18:10:00,5,Staff,Fakultas Ilmu Terapan
2024-10-09 18:15:00,4,Dosen,Fakultas Ilmu Terapan
2024-10-09 18:20:00,8,Staff,Fakultas Ilmu Terapan
2024-10-09 18:25:00,8,Staff,Fakultas Ilmu Terapan
2024-10-09 18:30:00,10,Mahasiswa,Fakultas Ilmu Terapan
2024-10-09 18:35:00,3,Dosen,Fakultas Ilmu Terapan
2024-10-09 18:40:00,4,Mahasiswa,Fakultas Ilmu Terapan
2024-10-09 18:45:00,4,Mahasiswa,Fakultas Ilmu Terapan
2024-10-09 18:50:00,7,Dosen,Fakultas Ilmu Terapan
2024-10-09 18:55:00,5,Mahasiswa,Fakultas Ilmu Terapan
2024-10-09 19:00:00,2,Staff,Fakultas Ilmu Terapan
2024-10-09 19:05:00,9,Mahasiswa,Fakultas Ilmu Terapan
2024-10-09 19:10:00,7,Staff,Fakultas Ilmu Terapan
2024-10-09 19:15:00,9,Staff,Fakultas Ilmu Terapan
2024-10-09 19:20:00,9,Dosen,Fakultas Ilmu Terapan
2024-10-09 19:25:00,8,Staff,Fakultas Ilmu Terapan
2024-10-09 19:30:00,7,Mahasiswa,Fakultas Ilmu Terapan
2024-10-09 19:35:00,8,Staff,Fakultas Ilmu Terapan
2024-10-09 19:40:00,5,Staff,Fakultas Ilmu Terapan
2024-10-09 19:45:00,9,Staff,Fakultas Ilmu Terapan
2024-10-09 19:50:00,6,Dosen,Fakultas Ilmu Terapan
2024-10-09 19:55:00,8,Dosen,Fakultas Ilmu Terapan
2024-10-09 20:00:00,10,Staff,Fakultas Ilmu Terapan
2024-10-09 20:05:00,1,Dosen,Fakultas Ilmu Terapan
2024-10-09 20:10:00,9,Dosen,Fakultas Ilmu Terapan
2024-10-09 20:15:00,10,Dosen,Fakultas Ilmu Terapan
2024-10-09 20:20:00,10,Mahasiswa,Fakultas Ilmu Terapan
2024-10-09 20:25:00,1,Staff,Fakultas Ilmu Terapan
2024-10-09 20:30:00,10,Mahasiswa,Fakultas Ilmu Terapan
2024-10-09 20:35:00,7,Dosen,Fakultas Ilmu Terapan
2024-10-09 20:40:00,8,Staff,Fakultas Ilmu Terapan
2024-10-09 20:45:00,5,Dosen,Fakultas Ilmu Terapan
2024-10-09 20:50:00,7,Staff,Fakultas Ilmu Terapan
2024-10-09 20:55:00,2,Staff,Fakultas Ilmu Terapan
2024-10-09 21:00:00,8,Staff,Fakultas Ilmu Terapan
2024-10-09 21:05:00,4,Mahasiswa,Fakultas Ilmu Terapan
2024-10-09 21:10:00,2,Dosen,Fakultas Ilmu Terapan
2024-10-09 21:15:00,8,Mahasiswa,Fakultas Ilmu Terapan
2024-10-09 21:20:00,5,Dosen,Fakultas Ilmu Terapan
2024-10-09 21:25:00,5,Staff,Fakultas Ilmu Terapan
2024-10-09 21:30:00,10,Mahasiswa,Fakultas Ilmu Terapan
2024-10-09 21:35:00,1,Staff,Fakultas Ilmu Terapan
2024-10-09 21:40:00,10,Dosen,Fakultas Ilmu Terapan
2024-10-09 21:45:00,6,Staff,Fakultas Ilmu Terapan
2024-10-09 21:50:00,5,Dosen,Fakultas Ilmu Terapan
2024-10-09 21:55:00,4,Staff,Fakultas Ilmu Terapan
2024-10-09 22:00:00,3,Mahasiswa,Fakultas Ilmu Terapan
2024-10-09 22:05:00,1,Mahasiswa,Fakultas Ilmu Terapan
2024-10-09 22:10:00,6,Mahasiswa,Fakultas Ilmu Terapan
2024-10-09 22:15:00,8,Mahasiswa,Fakultas Ilmu Terapan
2024-10-09 22:20:00,2,Staff,Fakultas Ilmu Terapan
2024-10-09 22:25:00,9,Staff,Fakultas Ilmu Terapan
2024-10-09 22:30:00,9,Mahasiswa,Fakultas Ilmu Terapan
2024-10-09 22:35:00,1,Staff,Fakultas Ilmu Terapan
2024-10-09 22:40:00,7,Dosen,Fakultas Ilmu Terapan
2024-10-09 22:45:00,4,Mahasiswa,Fakultas Ilmu Terapan
2024-10-09 22:50:00,3,Mahasiswa,Fakultas Ilmu Terapan
2024-10-09 22:55:00,10,Mahasiswa,Fakultas Ilmu Terapan
2024-10-09 23:00:00,9,Dosen,Fakultas Ilmu Terapan
2024-10-09 23:05:00,2,Mahasiswa,Fakultas Ilmu Terapan
2024-10-09 23:10:00,2,Dosen,Fakultas Ilmu Terapan
2024-10-09 23:15:00,10,Dosen,Fakultas Ilmu Terapan
2024-10-09 23:20:00,4,Mahasiswa,Fakultas Ilmu Terapan
2024-10-09 23:25:00,8,Staff,Fakultas Ilmu Terapan
2024-10-09 23:30:00,5,Staff,Fakultas Ilmu Terapan
2024-10-09 23:35:00,9,Dosen,Fakultas Ilmu Terapan
2024-10-09 23:40:00,1,Dosen,Fakultas Ilmu Terapan
2024-10-09 23:45:00,4,Dosen,Fakultas Ilmu Terapan
2024-10-09 23:50:00,6,Dosen,Fakultas Ilmu Terapan
2024-10-09 23:55:00,2,Dosen,Fakultas Ilmu Terapan
2024-10-10 00:00:00,10,Dosen,Fakultas Ilmu Terapan
2024-10-10 00:05:00,7,Mahasiswa,Fakultas Ilmu Terapan
2024-10-10 00:10:00,6,Dosen,Fakultas Ilmu Terapan
2024-10-10 00:15:00,4,Dosen,Fakultas Ilmu Terapan
2024-10-10 00:20:00,6,Dosen,Fakultas Ilmu Terapan
2024-10-10 00:25:00,8,Staff,Fakultas Ilmu Terapan
2024-10-10 00:30:00,3,Dosen,Fakultas Ilmu Terapan
2024-10-10 00:35:00,1,Staff,Fakultas Ilmu Terapan
2024-10-10 00:40:00,3,Staff,Fakultas Ilmu Terapan
2024-10-10 00:45:00,2,Staff,Fakultas Ilmu Terapan
2024-10-10 00:50:00,5,Dosen,Fakultas Ilmu Terapan
2024-10-10 00:55:00,3,Staff,Fakultas Ilmu Terapan
2024-10-10 01:00:00,4,Dosen,Fakultas Ilmu Terapan
2024-10-10 01:05:00,1,Mahasiswa,Fakultas Ilmu Terapan
2024-10-10 01:10:00,4,Dosen,Fakultas Ilmu Terapan
2024-10-10 01:15:00,6,Dosen,Fakultas Ilmu Terapan
2024-10-10 01:20:00,4,Dosen,Fakultas Ilmu Terapan
2024-10-10 01:25:00,1,Dosen,Fakultas Ilmu Terapan
2024-10-10 01:30:00,8,Mahasiswa,Fakultas Ilmu Terapan
2024-10-10 01:35:00,8,Staff,Fakultas Ilmu Terapan
2024-10-10 01:40:00,7,Dosen,Fakultas Ilmu Terapan
2024-10-10 01:45:00,10,Staff,Fakultas Ilmu Terapan
2024-10-10 01:50:00,8,Dosen,Fakultas Ilmu Terapan
2024-10-10 01:55:00,8,Staff,Fakultas Ilmu Terapan
2024-10-10 02:00:00,7,Dosen,Fakultas Ilmu Terapan
2024-10-10 02:05:00,2,Staff,Fakultas Ilmu Terapan
2024-10-10 02:10:00,8,Staff,Fakultas Ilmu Terapan
2024-10-10 02:15:00,1,Dosen,Fakultas Ilmu Terapan
2024-10-10 02:20:00,10,Staff,Fakultas Ilmu Terapan
2024-10-10 02:25:00,1,Dosen,Fakultas Ilmu Terapan
2024-10-10 02:30:00,10,Dosen,Fakultas Ilmu Terapan
2024-10-10 02:35:00,7,Staff,Fakultas Ilmu Terapan
2024-10-10 02:40:00,10,Staff,Fakultas Ilmu Terapan
2024-10-10 02:45:00,8,Mahasiswa,Fakultas Ilmu Terapan
2024-10-10 02:50:00,5,Dosen,Fakultas Ilmu Terapan
2024-10-10 02:55:00,4,Staff,Fakultas Ilmu Terapan
2024-10-10 03:00:00,10,Dosen,Fakultas Ilmu Terapan
2024-10-10 03:05:00,4,Mahasiswa,Fakultas Ilmu Terapan
2024-10-10 03:10:00,6,Staff,Fakultas Ilmu Terapan
2024-10-10 03:15:00,8,Staff,Fakultas Ilmu Terapan
2024-10-10 03:20:00,1,Mahasiswa,Fakultas Ilmu Terapan
2024-10-10 03:25:00,8,Dosen,Fakultas Ilmu Terapan
2024-10-10 03:30:00,7,Mahasiswa,Fakultas Ilmu Terapan
2024-10-10 03:35:00,8,Dosen,Fakultas Ilmu Terapan
2024-10-10 03:40:00,3,Dosen,Fakultas Ilmu Terapan
2024-10-10 03:45:00,4,Dosen,Fakultas Ilmu Terapan
2024-10-10 03:50:00,3,Dosen,Fakultas Ilmu Terapan
2024-10-10 03:55:00,4,Dosen,Fakultas Ilmu Terapan
2024-10-10 04:00:00,8,Staff,Fakultas Ilmu Terapan
2024-10-10 04:05:00,8,Mahasiswa,Fakultas Ilmu Terapan
2024-10-10 04:10:00,7,Mahasiswa,Fakultas Ilmu Terapan
2024-10-10 04:15:00,8,Mahasiswa,Fakultas Ilmu Terapan
2024-10-10 04:20:00,2,Staff,Fakultas Ilmu Terapan
2024-10-10 04:25:00,8,Mahasiswa,Fakultas Ilmu Terapan
2024-10-10 04:30:00,4,Staff,Fakultas Ilmu Terapan
2024-10-10 04:35:00,5,Staff,Fakultas Ilmu Terapan
2024-10-10 04:40:00,6,Mahasiswa,Fakultas Ilmu Terapan
2024-10-10 04:45:00,10,Dosen,Fakultas Ilmu Terapan
2024-10-10 04:50:00,9,Dosen,Fakultas Ilmu Terapan
2024-10-10 04:55:00,10,Staff,Fakultas Ilmu Terapan
2024-10-10 05:00:00,5,Staff,Fakultas Ilmu Terapan
2024-10-10 05:05:00,8,Staff,Fakultas Ilmu Terapan
2024-10-10 05:10:00,8,Staff,Fakultas Ilmu Terapan
2024-10-10 05:15:00,3,Staff,Fakultas Ilmu Terapan
2024-10-10 05:20:00,7,Staff,Fakultas Ilmu Terapan
2024-10-10 05:25:00,8,Mahasiswa,Fakultas Ilmu Terapan
2024-10-10 05:30:00,10,Mahasiswa,Fakultas Ilmu Terapan
2024-10-10 05:35:00,8,Staff,Fakultas Ilmu Terapan
2024-10-10 05:40:00,3,Mahasiswa,Fakultas Ilmu Terapan
2024-10-10 05:45:00,4,Staff,Fakultas Ilmu Terapan
2024-10-10 05:50:00,9,Staff,Fakultas Ilmu Terapan
2024-10-10 05:55:00,8,Dosen,Fakultas Ilmu Terapan
2024-10-10 06:00:00,5,Mahasiswa,Fakultas Ilmu Terapan
2024-10-10 06:05:00,10,Dosen,Fakultas Ilmu Terapan
2024-10-10 06:10:00,1,Mahasiswa,Fakultas Ilmu Terapan
2024-10-10 06:15:00,6,Dosen,Fakultas Ilmu Terapan
2024-10-10 06:20:00,1,Mahasiswa,Fakultas Ilmu Terapan
2024-10-10 06:25:00,2,Dosen,Fakultas Ilmu Terapan
2024-10-10 06:30:00,1,Staff,Fakultas Ilmu Terapan
2024-10-10 06:35:00,4,Mahasiswa,Fakultas Ilmu Terapan
2024-10-10 06:40:00,6,Dosen,Fakultas Ilmu Terapan
2024-10-10 06:45:00,8,Staff,Fakultas Ilmu Terapan
2024-10-10 06:50:00,10,Dosen,Fakultas Ilmu Terapan
2024-10-10 06:55:00,3,Mahasiswa,Fakultas Ilmu Terapan
2024-10-10 07:00:00,1,Dosen,Fakultas Ilmu Terapan
2024-10-10 07:05:00,1,Mahasiswa,Fakultas Ilmu Terapan
2024-10-10 07:10:00,9,Staff,Fakultas Ilmu Terapan
2024-10-10 07:15:00,10,Dosen,Fakultas Ilmu Terapan
2024-10-10 07:20:00,9,Mahasiswa,Fakultas Ilmu Terapan
2024-10-10 07:25:00,10,Staff,Fakultas Ilmu Terapan
2024-10-10 07:30:00,10,Dosen,Fakultas Ilmu Terapan
2024-10-10 07:35:00,10,Mahasiswa,Fakultas Ilmu Terapan
2024-10-10 07:40:00,3,Dosen,Fakultas Ilmu Terapan
2024-10-10 07:45:00,2,Dosen,Fakultas Ilmu Terapan
2024-10-10 07:50:00,1,Dosen,Fakultas Ilmu Terapan
2024-10-10 07:55:00,3,Mahasiswa,Fakultas Ilmu Terapan
2024-10-10 08:00:00,2,Dosen,Fakultas Ilmu Terapan
2024-10-10 08:05:00,10,Dosen,Fakultas Ilmu Terapan
2024-10-10 08:10:00,1,Dosen,Fakultas Ilmu Terapan
2024-10-10 08:15:00,6,Staff,Fakultas Ilmu Terapan
2024-10-10 08:20:00,2,Mahasiswa,Fakultas Ilmu Terapan
2024-10-10 08:25:00,5,Dosen,Fakultas Ilmu Terapan
2024-10-10 08:30:00,8,Staff,Fakultas Ilmu Terapan
2024-10-10 08:35:00,8,Staff,Fakultas Ilmu Terapan
2024-10-10 08:40:00,6,Mahasiswa,Fakultas Ilmu Terapan
2024-10-10 08:45:00,7,Staff,Fakultas Ilmu Terapan
2024-10-10 08:50:00,5,Staff,Fakultas Ilmu Terapan
2024-10-10 08:55:00,4,Mahasiswa,Fakultas Ilmu Terapan
2024-10-10 09:00:00,3,Dosen,Fakultas Ilmu Terapan
2024-10-10 09:05:00,2,Staff,Fakultas Ilmu Terapan
2024-10-10 09:10:00,4,Dosen,Fakultas Ilmu Terapan
2024-10-10 09:15:00,7,Dosen,Fakultas Ilmu Terapan
2024-10-10 09:20:00,5,Dosen,Fakultas Ilmu Terapan
2024-10-10 09:25:00,1,Staff,Fakultas Ilmu Terapan
2024-10-10 09:30:00,5,Dosen,Fakultas Ilmu Terapan
2024-10-10 09:35:00,7,Staff,Fakultas Ilmu Terapan
2024-10-10 09:40:00,2,Mahasiswa,Fakultas Ilmu Terapan
2024-10-10 09:45:00,4,Dosen,Fakultas Ilmu Terapan
2024-10-10 09:50:00,9,Staff,Fakultas Ilmu Terapan
2024-10-10 09:55:00,3,Mahasiswa,Fakultas Ilmu Terapan
2024-10-10 10:00:00,1,Mahasiswa,Fakultas Ilmu Terapan
2024-10-10 10:05:00,4,Dosen,Fakultas Ilmu Terapan
2024-10-10 10:10:00,6,Dosen,Fakultas Ilmu Terapan
2024-10-10 10:15:00,9,Dosen,Fakultas Ilmu Terapan
2024-10-10 10:20:00,4,Mahasiswa,Fakultas Ilmu Terapan
2024-10-10 10:25:00,8,Mahasiswa,Fakultas Ilmu Terapan
2024-10-10 10:30:00,6,Dosen,Fakultas Ilmu Terapan
2024-10-10 10:35:00,4,Mahasiswa,Fakultas Ilmu Terapan
2024-10-10 10:40:00,6,Dosen,Fakultas Ilmu Terapan
2024-10-10 10:45:00,2,Dosen,Fakultas Ilmu Terapan
2024-10-10 10:50:00,9,Mahasiswa,Fakultas Ilmu Terapan
2024-10-10 10:55:00,1,Staff,Fakultas Ilmu Terapan
2024-10-10 11:00:00,9,Staff,Fakultas Ilmu Terapan
2024-10-10 11:05:00,10,Mahasiswa,Fakultas Ilmu Terapan
2024-10-10 11:10:00,1,Staff,Fakultas Ilmu Terapan
2024-10-10 11:15:00,9,Staff,Fakultas Ilmu Terapan
2024-10-10 11:20:00,8,Staff,Fakultas Ilmu Terapan
2024-10-10 11:25:00,5,Staff,Fakultas Ilmu Terapan
2024-10-10 11:30:00,5,Mahasiswa,Fakultas Ilmu Terapan
2024-10-10 11:35:00,10,Staff,Fakultas Ilmu Terapan
2024-10-10 11:40:00,8,Dosen,Fakultas Ilmu Terapan
2024-10-10 11:45:00,5,Mahasiswa,Fakultas Ilmu Terapan
2024-10-10 11:50:00,7,Mahasiswa,Fakultas Ilmu Terapan
2024-10-10 11:55:00,1,Mahasiswa,Fakultas Ilmu Terapan
2024-10-10 12:00:00,6,Mahasiswa,Fakultas Ilmu Terapan
2024-10-10 12:05:00,7,Dosen,Fakultas Ilmu Terapan
2024-10-10 12:10:00,2,Staff,Fakultas Ilmu Terapan
2024-10-10 12:15:00,7,Dosen,Fakultas Ilmu Terapan
2024-10-10 12:20:00,4,Dosen,Fakultas Ilmu Terapan
2024-10-10 12:25:00,3,Mahasiswa,Fakultas Ilmu Terapan
2024-10-10 12:30:00,3,Staff,Fakultas Ilmu Terapan
2024-10-10 12:35:00,7,Staff,Fakultas Ilmu Terapan
2024-10-10 12:40:00,9,Dosen,Fakultas Ilmu Terapan
2024-10-10 12:45:00,7,Mahasiswa,Fakultas Ilmu Terapan
2024-10-10 12:50:00,3,Mahasiswa,Fakultas Ilmu Terapan
2024-10-10 12:55:00,5,Mahasiswa,Fakultas Ilmu Terapan
2024-10-10 13:00:00,9,Staff,Fakultas Ilmu Terapan
2024-10-10 13:05:00,5,Staff,Fakultas Ilmu Terapan
2024-10-10 13:10:00,2,Dosen,Fakultas Ilmu Terapan
2024-10-10 13:15:00,2,Staff,Fakultas Ilmu Terapan
2024-10-10 13:20:00,10,Staff,Fakultas Ilmu Terapan
2024-10-10 13:25:00,6,Dosen,Fakultas Ilmu Terapan
2024-10-10 13:30:00,9,Dosen,Fakultas Ilmu Terapan
2024-10-10 13:35:00,6,Mahasiswa,Fakultas Ilmu Terapan
2024-10-10 13:40:00,4,Dosen,Fakultas Ilmu Terapan
2024-10-10 13:45:00,7,Staff,Fakultas Ilmu Terapan
2024-10-10 13:50:00,9,Dosen,Fakultas Ilmu Terapan
2024-10-10 13:55:00,7,Staff,Fakultas Ilmu Terapan
2024-10-10 14:00:00,4,Dosen,Fakultas Ilmu Terapan
2024-10-10 14:05:00,5,Dosen,Fakultas Ilmu Terapan
2024-10-10 14:10:00,10,Staff,Fakultas Ilmu Terapan
2024-10-10 14:15:00,3,Staff,Fakultas Ilmu Terapan
2024-10-10 14:20:00,2,Dosen,Fakultas Ilmu Terapan
2024-10-10 14:25:00,5,Dosen,Fakultas Ilmu Terapan
2024-10-10 14:30:00,4,Staff,Fakultas Ilmu Terapan
2024-10-10 14:35:00,5,Dosen,Fakultas Ilmu Terapan
2024-10-10 14:40:00,1,Dosen,Fakultas Ilmu Terapan
2024-10-10 14:45:00,6,Dosen,Fakultas Ilmu Terapan
2024-10-10 14:50:00,7,Dosen,Fakultas Ilmu Terapan
2024-10-10 14:55:00,7,Staff,Fakultas Ilmu Terapan
2024-10-10 15:00:00,2,Staff,Fakultas Ilmu Terapan
2024-10-10 15:05:00,3,Staff,Fakultas Ilmu Terapan
2024-10-10 15:10:00,3,Staff,Fakultas Ilmu Terapan
2024-10-10 15:15:00,2,Dosen,Fakultas Ilmu Terapan
2024-10-10 15:20:00,6,Staff,Fakultas Ilmu Terapan
2024-10-10 15:25:00,8,Mahasiswa,Fakultas Ilmu Terapan
2024-10-10 15:30:00,2,Dosen,Fakultas Ilmu Terapan
2024-10-10 15:35:00,9,Dosen,Fakultas Ilmu Terapan
2024-10-10 15:40:00,5,Dosen,Fakultas Ilmu Terapan
2024-10-10 15:45:00,5,Staff,Fakultas Ilmu Terapan
2024-10-10 15:50:00,5,Mahasiswa,Fakultas Ilmu Terapan
2024-10-10 15:55:00,7,Staff,Fakultas Ilmu Terapan
2024-10-10 16:00:00,9,Staff,Fakultas Ilmu Terapan
2024-10-10 16:05:00,10,Dosen,Fakultas Ilmu Terapan
2024-10-10 16:10:00,6,Dosen,Fakultas Ilmu Terapan
2024-10-10 16:15:00,3,Mahasiswa,Fakultas Ilmu Terapan
2024-10-10 16:20:00,10,Mahasiswa,Fakultas Ilmu Terapan
2024-10-10 16:25:00,10,Mahasiswa,Fakultas Ilmu Terapan
2024-10-10 16:30:00,5,Dosen,Fakultas Ilmu Terapan
2024-10-10 16:35:00,2,Staff,Fakultas Ilmu Terapan
2024-10-10 16:40:00,3,Staff,Fakultas Ilmu Terapan
2024-10-10 16:45:00,6,Mahasiswa,Fakultas Ilmu Terapan
2024-10-10 16:50:00,2,Dosen,Fakultas Ilmu Terapan
2024-10-10 16:55:00,5,Staff,Fakultas Ilmu Terapan
2024-10-10 17:00:00,2,Mahasiswa,Fakultas Ilmu Terapan
2024-10-10 17:05:00,1,Mahasiswa,Fakultas Ilmu Terapan
2024-10-10 17:10:00,7,Staff,Fakultas Ilmu Terapan
2024-10-10 17:15:00,3,Dosen,Fakultas Ilmu Terapan
2024-10-10 17:20:00,5,Mahasiswa,Fakultas Ilmu Terapan
2024-10-10 17:25:00,1,Dosen,Fakultas Ilmu Terapan
2024-10-10 17:30:00,7,Staff,Fakultas Ilmu Terapan
2024-10-10 17:35:00,4,Mahasiswa,Fakultas Ilmu Terapan
2024-10-10 17:40:00,10,Mahasiswa,Fakultas Ilmu Terapan
2024-10-10 17:45:00,8,Dosen,Fakultas Ilmu Terapan
2024-10-10 17:50:00,7,Dosen,Fakultas Ilmu Terapan
2024-10-10 17:55:00,4,Dosen,Fakultas Ilmu Terapan
2024-10-10 18:00:00,1,Staff,Fakultas Ilmu Terapan
2024-10-10 18:05:00,2,Dosen,Fakultas Ilmu Terapan
2024-10-10 18:10:00,5,Dosen,Fakultas Ilmu Terapan
2024-10-10 18:15:00,8,Staff,Fakultas Ilmu Terapan
2024-10-10 18:20:00,5,Mahasiswa,Fakultas Ilmu Terapan
2024-10-10 18:25:00,3,Dosen,Fakultas Ilmu Terapan
2024-10-10 18:30:00,4,Staff,Fakultas Ilmu Terapan
2024-10-10 18:35:00,7,Staff,Fakultas Ilmu Terapan
2024-10-10 18:40:00,6,Staff,Fakultas Ilmu Terapan
2024-10-10 18:45:00,4,Staff,Fakultas Ilmu Terapan
2024-10-10 18:50:00,6,Dosen,Fakultas Ilmu Terapan
2024-10-10 18:55:00,3,Mahasiswa,Fakultas Ilmu Terapan
2024-10-10 19:00:00,3,Dosen,Fakultas Ilmu Terapan
2024-10-10 19:05:00,8,Staff,Fakultas Ilmu Terapan
2024-10-10 19:10:00,10,Mahasiswa,Fakultas Ilmu Terapan
2024-10-10 19:15:00,7,Dosen,Fakultas Ilmu Terapan
2024-10-10 19:20:00,2,Staff,Fakultas Ilmu Terapan
2024-10-10 19:25:00,2,Staff,Fakultas Ilmu Terapan
2024-10-10 19:30:00,6,Staff,Fakultas Ilmu Terapan
2024-10-10 19:35:00,1,Dosen,Fakultas Ilmu Terapan
2024-10-10 19:40:00,6,Dosen,Fakultas Ilmu Terapan
2024-10-10 19:45:00,9,Dosen,Fakultas Ilmu Terapan
2024-10-10 19:50:00,5,Staff,Fakultas Ilmu Terapan
2024-10-10 19:55:00,7,Mahasiswa,Fakultas Ilmu Terapan
2024-10-10 20:00:00,4,Staff,Fakultas Ilmu Terapan
2024-10-10 20:05:00,7,Staff,Fakultas Ilmu Terapan
2024-10-10 20:10:00,4,Staff,Fakultas Ilmu Terapan
2024-10-10 20:15:00,5,Mahasiswa,Fakultas Ilmu Terapan
2024-10-10 20:20:00,4,Dosen,Fakultas Ilmu Terapan
2024-10-10 20:25:00,5,Staff,Fakultas Ilmu Terapan
2024-10-10 20:30:00,6,Staff,Fakultas Ilmu Terapan
2024-10-10 20:35:00,10,Staff,Fakultas Ilmu Terapan
2024-10-10 20:40:00,10,Dosen,Fakultas Ilmu Terapan
2024-10-10 20:45:00,1,Dosen,Fakultas Ilmu Terapan
2024-10-10 20:50:00,4,Mahasiswa,Fakultas Ilmu Terapan
2024-10-10 20:55:00,8,Staff,Fakultas Ilmu Terapan
2024-10-10 21:00:00,5,Staff,Fakultas Ilmu Terapan
2024-10-10 21:05:00,4,Mahasiswa,Fakultas Ilmu Terapan
2024-10-10 21:10:00,7,Staff,Fakultas Ilmu Terapan
2024-10-10 21:15:00,5,Dosen,Fakultas Ilmu Terapan
2024-10-10 21:20:00,10,Staff,Fakultas Ilmu Terapan
2024-10-10 21:25:00,4,Dosen,Fakultas Ilmu Terapan
2024-10-10 21:30:00,2,Staff,Fakultas Ilmu Terapan
2024-10-10 21:35:00,10,Dosen,Fakultas Ilmu Terapan
2024-10-10 21:40:00,5,Staff,Fakultas Ilmu Terapan
2024-10-10 21:45:00,1,Mahasiswa,Fakultas Ilmu Terapan
2024-10-10 21:50:00,5,Mahasiswa,Fakultas Ilmu Terapan
2024-10-10 21:55:00,10,Dosen,Fakultas Ilmu Terapan
2024-10-10 22:00:00,7,Mahasiswa,Fakultas Ilmu Terapan
2024-10-10 22:05:00,5,Dosen,Fakultas Ilmu Terapan
2024-10-10 22:10:00,8,Mahasiswa,Fakultas Ilmu Terapan
2024-10-10 22:15:00,9,Staff,Fakultas Ilmu Terapan
2024-10-10 22:20:00,1,Dosen,Fakultas Ilmu Terapan
2024-10-10 22:25:00,5,Mahasiswa,Fakultas Ilmu Terapan
2024-10-10 22:30:00,3,Dosen,Fakultas Ilmu Terapan
2024-10-10 22:35:00,10,Mahasiswa,Fakultas Ilmu Terapan
2024-10-10 22:40:00,10,Dosen,Fakultas Ilmu Terapan
2024-10-10 22:45:00,4,Mahasiswa,Fakultas Ilmu Terapan
2024-10-10 22:50:00,8,Staff,Fakultas Ilmu Terapan
2024-10-10 22:55:00,9,Dosen,Fakultas Ilmu Terapan
2024-10-10 23:00:00,8,Dosen,Fakultas Ilmu Terapan
2024-10-10 23:05:00,3,Dosen,Fakultas Ilmu Terapan
2024-10-10 23:10:00,7,Dosen,Fakultas Ilmu Terapan
2024-10-10 23:15:00,10,Staff,Fakultas Ilmu Terapan
2024-10-10 23:20:00,5,Mahasiswa,Fakultas Ilmu Terapan
2024-10-10 23:25:00,6,Mahasiswa,Fakultas Ilmu Terapan
2024-10-10 23:30:00,6,Staff,Fakultas Ilmu Terapan
2024-10-10 23:35:00,1,Mahasiswa,Fakultas Ilmu Terapan
2024-10-10 23:40:00,4,Staff,Fakultas Ilmu Terapan
2024-10-10 23:45:00,9,Staff,Fakultas Ilmu Terapan
2024-10-10 23:50:00,5,Dosen,Fakultas Ilmu Terapan
2024-10-10 23:55:00,2,Dosen,Fakultas Ilmu Terapan
2024-10-11 00:00:00,8,Staff,Fakultas Ilmu Terapan
2024-10-11 00:05:00,1,Dosen,Fakultas Ilmu Terapan
2024-10-11 00:10:00,9,Staff,Fakultas Ilmu Terapan
2024-10-11 00:15:00,3,Staff,Fakultas Ilmu Terapan
2024-10-11 00:20:00,5,Dosen,Fakultas Ilmu Terapan
2024-10-11 00:25:00,6,Dosen,Fakultas Ilmu Terapan
2024-10-11 00:30:00,1,Staff,Fakultas Ilmu Terapan
2024-10-11 00:35:00,7,Staff,Fakultas Ilmu Terapan
2024-10-11 00:40:00,2,Staff,Fakultas Ilmu Terapan
2024-10-11 00:45:00,5,Staff,Fakultas Ilmu Terapan
2024-10-11 00:50:00,1,Staff,Fakultas Ilmu Terapan
2024-10-11 00:55:00,5,Mahasiswa,Fakultas Ilmu Terapan
2024-10-11 01:00:00,4,Mahasiswa,Fakultas Ilmu Terapan
2024-10-11 01:05:00,3,Dosen,Fakultas Ilmu Terapan
2024-10-11 01:10:00,8,Dosen,Fakultas Ilmu Terapan
2024-10-11 01:15:00,3,Staff,Fakultas Ilmu Terapan
2024-10-11 01:20:00,10,Mahasiswa,Fakultas Ilmu Terapan
2024-10-11 01:25:00,10,Dosen,Fakultas Ilmu Terapan
2024-10-11 01:30:00,3,Dosen,Fakultas Ilmu Terapan
2024-10-11 01:35:00,9,Staff,Fakultas Ilmu Terapan
2024-10-11 01:40:00,5,Staff,Fakultas Ilmu Terapan
2024-10-11 01:45:00,2,Dosen,Fakultas Ilmu Terapan
2024-10-11 01:50:00,8,Mahasiswa,Fakultas Ilmu Terapan
2024-10-11 01:55:00,2,Mahasiswa,Fakultas Ilmu Terapan
2024-10-11 02:00:00,1,Dosen,Fakultas Ilmu Terapan
2024-10-11 02:05:00,2,Dosen,Fakultas Ilmu Terapan
2024-10-11 02:10:00,5,Staff,Fakultas Ilmu Terapan
2024-10-11 02:15:00,10,Dosen,Fakultas Ilmu Terapan
2024-10-11 02:20:00,4,Staff,Fakultas Ilmu Terapan
2024-10-11 02:25:00,10,Mahasiswa,Fakultas Ilmu Terapan
2024-10-11 02:30:00,3,Dosen,Fakultas Ilmu Terapan
2024-10-11 02:35:00,2,Dosen,Fakultas Ilmu Terapan
2024-10-11 02:40:00,3,Dosen,Fakultas Ilmu Terapan
2024-10-11 02:45:00,10,Dosen,Fakultas Ilmu Terapan
2024-10-11 02:50:00,4,Mahasiswa,Fakultas Ilmu Terapan
2024-10-11 02:55:00,2,Staff,Fakultas Ilmu Terapan
2024-10-11 03:00:00,4,Staff,Fakultas Ilmu Terapan
2024-10-11 03:05:00,5,Staff,Fakultas Ilmu Terapan
2024-10-11 03:10:00,4,Staff,Fakultas Ilmu Terapan
2024-10-11 03:15:00,3,Dosen,Fakultas Ilmu Terapan
2024-10-11 03:20:00,6,Staff,Fakultas Ilmu Terapan
2024-10-11 03:25:00,7,Mahasiswa,Fakultas Ilmu Terapan
2024-10-11 03:30:00,8,Mahasiswa,Fakultas Ilmu Terapan
2024-10-11 03:35:00,3,Dosen,Fakultas Ilmu Terapan
2024-10-11 03:40:00,2,Dosen,Fakultas Ilmu Terapan
2024-10-11 03:45:00,8,Dosen,Fakultas Ilmu Terapan
2024-10-11 03:50:00,4,Mahasiswa,Fakultas Ilmu Terapan
2024-10-11 03:55:00,3,Staff,Fakultas Ilmu Terapan
2024-10-11 04:00:00,4,Mahasiswa,Fakultas Ilmu Terapan
2024-10-11 04:05:00,5,Mahasiswa,Fakultas Ilmu Terapan
2024-10-11 04:10:00,7,Staff,Fakultas Ilmu Terapan
2024-10-11 04:15:00,8,Mahasiswa,Fakultas Ilmu Terapan
2024-10-11 04:20:00,10,Staff,Fakultas Ilmu Terapan
2024-10-11 04:25:00,6,Mahasiswa,Fakultas Ilmu Terapan
2024-10-11 04:30:00,9,Staff,Fakultas Ilmu Terapan
2024-10-11 04:35:00,10,Dosen,Fakultas Ilmu Terapan
2024-10-11 04:40:00,1,Staff,Fakultas Ilmu Terapan
2024-10-11 04:45:00,1,Dosen,Fakultas Ilmu Terapan
2024-10-11 04:50:00,6,Staff,Fakultas Ilmu Terapan
2024-10-11 04:55:00,6,Dosen,Fakultas Ilmu Terapan
2024-10-11 05:00:00,3,Staff,Fakultas Ilmu Terapan
2024-10-11 05:05:00,7,Staff,Fakultas Ilmu Terapan
2024-10-11 05:10:00,2,Staff,Fakultas Ilmu Terapan
2024-10-11 05:15:00,6,Staff,Fakultas Ilmu Terapan
2024-10-11 05:20:00,10,Mahasiswa,Fakultas Ilmu Terapan
2024-10-11 05:25:00,4,Staff,Fakultas Ilmu Terapan
2024-10-11 05:30:00,6,Staff,Fakultas Ilmu Terapan
2024-10-11 05:35:00,10,Dosen,Fakultas Ilmu Terapan
2024-10-11 05:40:00,8,Staff,Fakultas Ilmu Terapan
2024-10-11 05:45:00,2,Staff,Fakultas Ilmu Terapan
2024-10-11 05:50:00,4,Staff,Fakultas Ilmu Terapan
2024-10-11 05:55:00,10,Staff,Fakultas Ilmu Terapan
2024-10-11 06:00:00,1,Mahasiswa,Fakultas Ilmu Terapan
2024-10-11 06:05:00,3,Mahasiswa,Fakultas Ilmu Terapan
2024-10-11 06:10:00,7,Staff,Fakultas Ilmu Terapan
2024-10-11 06:15:00,4,Staff,Fakultas Ilmu Terapan
2024-10-11 06:20:00,9,Staff,Fakultas Ilmu Terapan
2024-10-11 06:25:00,4,Staff,Fakultas Ilmu Terapan
2024-10-11 06:30:00,3,Mahasiswa,Fakultas Ilmu Terapan
2024-10-11 06:35:00,7,Mahasiswa,Fakultas Ilmu Terapan
2024-10-11 06:40:00,8,Dosen,Fakultas Ilmu Terapan
2024-10-11 06:45:00,7,Mahasiswa,Fakultas Ilmu Terapan
2024-10-11 06:50:00,4,Dosen,Fakultas Ilmu Terapan
2024-10-11 06:55:00,10,Dosen,Fakultas Ilmu Terapan
2024-10-11 07:00:00,1,Staff,Fakultas Ilmu Terapan
2024-10-11 07:05:00,7,Staff,Fakultas Ilmu Terapan
2024-10-11 07:10:00,1,Dosen,Fakultas Ilmu Terapan
2024-10-11 07:15:00,9,Staff,Fakultas Ilmu Terapan
2024-10-11 07:20:00,8,Mahasiswa,Fakultas Ilmu Terapan
2024-10-11 07:25:00,10,Dosen,Fakultas Ilmu Terapan
2024-10-11 07:30:00,6,Mahasiswa,Fakultas Ilmu Terapan
2024-10-11 07:35:00,4,Dosen,Fakultas Ilmu Terapan
2024-10-11 07:40:00,4,Mahasiswa,Fakultas Ilmu Terapan
2024-10-11 07:45:00,7,Dosen,Fakultas Ilmu Terapan
2024-10-11 07:50:00,7,Staff,Fakultas Ilmu Terapan
2024-10-11 07:55:00,10,Staff,Fakultas Ilmu Terapan
2024-10-11 08:00:00,7,Mahasiswa,Fakultas Ilmu Terapan
2024-10-11 08:05:00,10,Staff,Fakultas Ilmu Terapan
2024-10-11 08:10:00,5,Dosen,Fakultas Ilmu Terapan
2024-10-11 08:15:00,4,Mahasiswa,Fakultas Ilmu Terapan
2024-10-11 08:20:00,9,Dosen,Fakultas Ilmu Terapan
2024-10-11 08:25:00,5,Staff,Fakultas Ilmu Terapan
2024-10-11 08:30:00,3,Mahasiswa,Fakultas Ilmu Terapan
2024-10-11 08:35:00,6,Staff,Fakultas Ilmu Terapan
2024-10-11 08:40:00,7,Mahasiswa,Fakultas Ilmu Terapan
2024-10-11 08:45:00,6,Staff,Fakultas Ilmu Terapan
2024-10-11 08:50:00,1,Dosen,Fakultas Ilmu Terapan
2024-10-11 08:55:00,3,Dosen,Fakultas Ilmu Terapan
2024-10-11 09:00:00,4,Staff,Fakultas Ilmu Terapan
2024-10-11 09:05:00,1,Staff,Fakultas Ilmu Terapan
2024-10-11 09:10:00,5,Mahasiswa,Fakultas Ilmu Terapan
2024-10-11 09:15:00,1,Staff,Fakultas Ilmu Terapan
2024-10-11 09:20:00,7,Dosen,Fakultas Ilmu Terapan
2024-10-11 09:25:00,2,Staff,Fakultas Ilmu Terapan
2024-10-11 09:30:00,8,Mahasiswa,Fakultas Ilmu Terapan
2024-10-11 09:35:00,6,Staff,Fakultas Ilmu Terapan
2024-10-11 09:40:00,2,Dosen,Fakultas Ilmu Terapan
2024-10-11 09:45:00,8,Staff,Fakultas Ilmu Terapan
2024-10-11 09:50:00,4,Staff,Fakultas Ilmu Terapan
2024-10-11 09:55:00,4,Mahasiswa,Fakultas Ilmu Terapan
2024-10-11 10:00:00,6,Staff,Fakultas Ilmu Terapan
2024-10-11 10:05:00,2,Dosen,Fakultas Ilmu Terapan
2024-10-11 10:10:00,9,Mahasiswa,Fakultas Ilmu Terapan
2024-10-11 10:15:00,3,Mahasiswa,Fakultas Ilmu Terapan
2024-10-11 10:20:00,5,Mahasiswa,Fakultas Ilmu Terapan
2024-10-11 10:25:00,10,Mahasiswa,Fakultas Ilmu Terapan
2024-10-11 10:30:00,3,Dosen,Fakultas Ilmu Terapan
2024-10-11 10:35:00,8,Mahasiswa,Fakultas Ilmu Terapan
2024-10-11 10:40:00,3,Dosen,Fakultas Ilmu Terapan
2024-10-11 10:45:00,6,Mahasiswa,Fakultas Ilmu Terapan
2024-10-11 10:50:00,5,Staff,Fakultas Ilmu Terapan
2024-10-11 10:55:00,8,Mahasiswa,Fakultas Ilmu Terapan
2024-10-11 11:00:00,9,Staff,Fakultas Ilmu Terapan
2024-10-11 11:05:00,10,Staff,Fakultas Ilmu Terapan
2024-10-11 11:10:00,5,Dosen,Fakultas Ilmu Terapan
2024-10-11 11:15:00,7,Dosen,Fakultas Ilmu Terapan
2024-10-11 11:20:00,8,Dosen,Fakultas Ilmu Terapan
2024-10-11 11:25:00,8,Mahasiswa,Fakultas Ilmu Terapan
2024-10-11 11:30:00,10,Staff,Fakultas Ilmu Terapan
2024-10-11 11:35:00,6,Dosen,Fakultas Ilmu Terapan
2024-10-11 11:40:00,4,Dosen,Fakultas Ilmu Terapan
2024-10-11 11:45:00,6,Staff,Fakultas Ilmu Terapan
2024-10-11 11:50:00,4,Mahasiswa,Fakultas Ilmu Terapan
2024-10-11 11:55:00,2,Staff,Fakultas Ilmu Terapan
2024-10-11 12:00:00,1,Mahasiswa,Fakultas Ilmu Terapan
2024-10-11 12:05:00,2,Staff,Fakultas Ilmu Terapan
2024-10-11 12:10:00,2,Dosen,Fakultas Ilmu Terapan
2024-10-11 12:15:00,9,Dosen,Fakultas Ilmu Terapan
2024-10-11 12:20:00,4,Dosen,Fakultas Ilmu Terapan
2024-10-11 12:25:00,2,Dosen,Fakultas Ilmu Terapan
2024-10-11 12:30:00,9,Staff,Fakultas Ilmu Terapan
2024-10-11 12:35:00,9,Mahasiswa,Fakultas Ilmu Terapan
2024-10-11 12:40:00,6,Dosen,Fakultas Ilmu Terapan
2024-10-11 12:45:00,4,Dosen,Fakultas Ilmu Terapan
2024-10-11 12:50:00,10,Dosen,Fakultas Ilmu Terapan
2024-10-11 12:55:00,7,Mahasiswa,Fakultas Ilmu Terapan
2024-10-11 13:00:00,2,Staff,Fakultas Ilmu Terapan
2024-10-11 13:05:00,4,Mahasiswa,Fakultas Ilmu Terapan
2024-10-11 13:10:00,3,Mahasiswa,Fakultas Ilmu Terapan
2024-10-11 13:15:00,7,Dosen,Fakultas Ilmu Terapan
2024-10-11 13:20:00,1,Staff,Fakultas Ilmu Terapan
2024-10-11 13:25:00,5,Staff,Fakultas Ilmu Terapan
2024-10-11 13:30:00,9,Mahasiswa,Fakultas Ilmu Terapan
2024-10-11 13:35:00,3,Mahasiswa,Fakultas Ilmu Terapan
2024-10-11 13:40:00,2,Staff,Fakultas Ilmu Terapan
2024-10-11 13:45:00,5,Dosen,Fakultas Ilmu Terapan
2024-10-11 13:50:00,5,Staff,Fakultas Ilmu Terapan
2024-10-11 13:55:00,10,Dosen,Fakultas Ilmu Terapan
2024-10-11 14:00:00,1,Staff,Fakultas Ilmu Terapan
2024-10-11 14:05:00,4,Dosen,Fakultas Ilmu Terapan
2024-10-11 14:10:00,10,Staff,Fakultas Ilmu Terapan
2024-10-11 14:15:00,7,Dosen,Fakultas Ilmu Terapan
2024-10-11 14:20:00,4,Mahasiswa,Fakultas Ilmu Terapan
2024-10-11 14:25:00,6,Dosen,Fakultas Ilmu Terapan
2024-10-11 14:30:00,6,Dosen,Fakultas Ilmu Terapan
2024-10-11 14:35:00,3,Mahasiswa,Fakultas Ilmu Terapan
2024-10-11 14:40:00,7,Mahasiswa,Fakultas Ilmu Terapan
2024-10-11 14:45:00,7,Dosen,Fakultas Ilmu Terapan
2024-10-11 14:50:00,9,Staff,Fakultas Ilmu Terapan
2024-10-11 14:55:00,7,Staff,Fakultas Ilmu Terapan
2024-10-11 15:00:00,8,Mahasiswa,Fakultas Ilmu Terapan
2024-10-11 15:05:00,2,Staff,Fakultas Ilmu Terapan
2024-10-11 15:10:00,3,Dosen,Fakultas Ilmu Terapan
2024-10-11 15:15:00,9,Mahasiswa,Fakultas Ilmu Terapan
2024-10-11 15:20:00,9,Dosen,Fakultas Ilmu Terapan
2024-10-11 15:25:00,4,Dosen,Fakultas Ilmu Terapan
2024-10-11 15:30:00,6,Dosen,Fakultas Ilmu Terapan
2024-10-11 15:35:00,4,Staff,Fakultas Ilmu Terapan
2024-10-11 15:40:00,7,Staff,Fakultas Ilmu Terapan
2024-10-11 15:45:00,1,Dosen,Fakultas Ilmu Terapan
2024-10-11 15:50:00,8,Mahasiswa,Fakultas Ilmu Terapan
2024-10-11 15:55:00,9,Mahasiswa,Fakultas Ilmu Terapan
2024-10-11 16:00:00,10,Dosen,Fakultas Ilmu Terapan
2024-10-11 16:05:00,10,Staff,Fakultas Ilmu Terapan
2024-10-11 16:10:00,7,Dosen,Fakultas Ilmu Terapan
2024-10-11 16:15:00,6,Mahasiswa,Fakultas Ilmu Terapan
2024-10-11 16:20:00,1,Dosen,Fakultas Ilmu Terapan
2024-10-11 16:25:00,1,Staff,Fakultas Ilmu Terapan
2024-10-11 16:30:00,7,Staff,Fakultas Ilmu Terapan
2024-10-11 16:35:00,4,Staff,Fakultas Ilmu Terapan
2024-10-11 16:40:00,9,Mahasiswa,Fakultas Ilmu Terapan
2024-10-11 16:45:00,6,Mahasiswa,Fakultas Ilmu Terapan
2024-10-11 16:50:00,7,Staff,Fakultas Ilmu Terapan
2024-10-11 16:55:00,7,Mahasiswa,Fakultas Ilmu Terapan
2024-10-11 17:00:00,1,Mahasiswa,Fakultas Ilmu Terapan
2024-10-11 17:05:00,9,Mahasiswa,Fakultas Ilmu Terapan
2024-10-11 17:10:00,7,Dosen,Fakultas Ilmu Terapan
2024-10-11 17:15:00,10,Mahasiswa,Fakultas Ilmu Terapan
2024-10-11 17:20:00,4,Mahasiswa,Fakultas Ilmu Terapan
2024-10-11 17:25:00,6,Staff,Fakultas Ilmu Terapan
2024-10-11 17:30:00,6,Mahasiswa,Fakultas Ilmu Terapan
2024-10-11 17:35:00,3,Mahasiswa,Fakultas Ilmu Terapan
2024-10-11 17:40:00,5,Mahasiswa,Fakultas Ilmu Terapan
2024-10-11 17:45:00,7,Staff,Fakultas Ilmu Terapan
2024-10-11 17:50:00,5,Dosen,Fakultas Ilmu Terapan
2024-10-11 17:55:00,5,Staff,Fakultas Ilmu Terapan
2024-10-11 18:00:00,1,Mahasiswa,Fakultas Ilmu Terapan
2024-10-11 18:05:00,8,Mahasiswa,Fakultas Ilmu Terapan
2024-10-11 18:10:00,5,Staff,Fakultas Ilmu Terapan
2024-10-11 18:15:00,10,Dosen,Fakultas Ilmu Terapan
2024-10-11 18:20:00,3,Dosen,Fakultas Ilmu Terapan
2024-10-11 18:25:00,8,Dosen,Fakultas Ilmu Terapan
2024-10-11 18:30:00,3,Mahasiswa,Fakultas Ilmu Terapan
2024-10-11 18:35:00,9,Dosen,Fakultas Ilmu Terapan
2024-10-11 18:40:00,2,Dosen,Fakultas Ilmu Terapan
2024-10-11 18:45:00,7,Staff,Fakultas Ilmu Terapan
2024-10-11 18:50:00,8,Staff,Fakultas Ilmu Terapan
2024-10-11 18:55:00,10,Mahasiswa,Fakultas Ilmu Terapan
2024-10-11 19:00:00,4,Dosen,Fakultas Ilmu Terapan
2024-10-11 19:05:00,3,Staff,Fakultas Ilmu Terapan
2024-10-11 19:10:00,1,Dosen,Fakultas Ilmu Terapan
2024-10-11 19:15:00,3,Dosen,Fakultas Ilmu Terapan
2024-10-11 19:20:00,2,Dosen,Fakultas Ilmu Terapan
2024-10-11 19:25:00,3,Mahasiswa,Fakultas Ilmu Terapan
2024-10-11 19:30:00,6,Dosen,Fakultas Ilmu Terapan
2024-10-11 19:35:00,7,Dosen,Fakultas Ilmu Terapan
2024-10-11 19:40:00,6,Dosen,Fakultas Ilmu Terapan
2024-10-11 19:45:00,4,Dosen,Fakultas Ilmu Terapan
2024-10-11 19:50:00,2,Mahasiswa,Fakultas Ilmu Terapan
2024-10-11 19:55:00,7,Mahasiswa,Fakultas Ilmu Terapan
2024-10-11 20:00:00,3,Dosen,Fakultas Ilmu Terapan
2024-10-11 20:05:00,2,Dosen,Fakultas Ilmu Terapan
2024-10-11 20:10:00,10,Mahasiswa,Fakultas Ilmu Terapan
2024-10-11 20:15:00,5,Staff,Fakultas Ilmu Terapan
2024-10-11 20:20:00,1,Dosen,Fakultas Ilmu Terapan
2024-10-11 20:25:00,4,Dosen,Fakultas Ilmu Terapan
2024-10-11 20:30:00,9,Dosen,Fakultas Ilmu Terapan
2024-10-11 20:35:00,8,Staff,Fakultas Ilmu Terapan
2024-10-11 20:40:00,4,Mahasiswa,Fakultas Ilmu Terapan
2024-10-11 20:45:00,10,Dosen,Fakultas Ilmu Terapan
2024-10-11 20:50:00,7,Mahasiswa,Fakultas Ilmu Terapan
2024-10-11 20:55:00,5,Staff,Fakultas Ilmu Terapan
2024-10-11 21:00:00,5,Staff,Fakultas Ilmu Terapan
2024-10-11 21:05:00,10,Dosen,Fakultas Ilmu Terapan
2024-10-11 21:10:00,3,Staff,Fakultas Ilmu Terapan
2024-10-11 21:15:00,8,Mahasiswa,Fakultas Ilmu Terapan
2024-10-11 21:20:00,10,Mahasiswa,Fakultas Ilmu Terapan
2024-10-11 21:25:00,2,Staff,Fakultas Ilmu Terapan
2024-10-11 21:30:00,2,Staff,Fakultas Ilmu Terapan
2024-10-11 21:35:00,10,Staff,Fakultas Ilmu Terapan
2024-10-11 21:40:00,10,Dosen,Fakultas Ilmu Terapan
2024-10-11 21:45:00,6,Mahasiswa,Fakultas Ilmu Terapan
2024-10-11 21:50:00,5,Mahasiswa,Fakultas Ilmu Terapan
2024-10-11 21:55:00,8,Dosen,Fakultas Ilmu Terapan
2024-10-11 22:00:00,5,Staff,Fakultas Ilmu Terapan
2024-10-11 22:05:00,9,Dosen,Fakultas Ilmu Terapan
2024-10-11 22:10:00,7,Mahasiswa,Fakultas Ilmu Terapan
2024-10-11 22:15:00,10,Staff,Fakultas Ilmu Terapan
2024-10-11 22:20:00,8,Mahasiswa,Fakultas Ilmu Terapan
2024-10-11 22:25:00,6,Mahasiswa,Fakultas Ilmu Terapan
2024-10-11 22:30:00,5,Mahasiswa,Fakultas Ilmu Terapan
2024-10-11 22:35:00,5,Dosen,Fakultas Ilmu Terapan
2024-10-11 22:40:00,6,Dosen,Fakultas Ilmu Terapan
2024-10-11 22:45:00,3,Dosen,Fakultas Ilmu Terapan
2024-10-11 22:50:00,9,Staff,Fakultas Ilmu Terapan
2024-10-11 22:55:00,10,Mahasiswa,Fakultas Ilmu Terapan
2024-10-11 23:00:00,7,Mahasiswa,Fakultas Ilmu Terapan
2024-10-11 23:05:00,6,Staff,Fakultas Ilmu Terapan
2024-10-11 23:10:00,6,Staff,Fakultas Ilmu Terapan
2024-10-11 23:15:00,2,Dosen,Fakultas Ilmu Terapan
2024-10-11 23:20:00,7,Mahasiswa,Fakultas Ilmu Terapan
2024-10-11 23:25:00,10,Dosen,Fakultas Ilmu Terapan
2024-10-11 23:30:00,6,Staff,Fakultas Ilmu Terapan
2024-10-11 23:35:00,1,Dosen,Fakultas Ilmu Terapan
2024-10-11 23:40:00,1,Mahasiswa,Fakultas Ilmu Terapan
2024-10-11 23:45:00,10,Mahasiswa,Fakultas Ilmu Terapan
2024-10-11 23:50:00,5,Staff,Fakultas Ilmu Terapan
2024-10-11 23:55:00,2,Dosen,Fakultas Ilmu Terapan
2024-10-12 00:00:00,10,Dosen,Fakultas Ilmu Terapan
